Workbook

Sheet dados_brutos
A1: Overall rank | B1: Country or region | C1: Score | D1: GDP per capita | E1: Social support | F1: Healthy life expectancy | G1: Freedom to make life choices | H1: Generosity | I1: Perceptions of corruption
A2: 1 | B2: Finland | C2: 7.769 | D2: 1.34 | E2: 1.587 | F2: 0.986 | G2: 0.596 | H2: 0.153 | I2: 0.393
A3: 2 | B3: Denmark | C3: 7.6 | D3: 1.383 | E3: 1.573 | F3: 0.996 | G3: 0.592 | H3: 0.252 | I3: 0.41
A4: 3 | B4: Norway | C4: 7.554 | D4: 1.488 | E4: 1.582 | F4: 1.028 | G4: 0.603 | H4: 0.271 | I4: 0.341
A5: 4 | B5: Iceland | C5: 7.494 | D5: 1.38 | E5: 1.624 | F5: 1.026 | G5: 0.591 | H5: 0.354 | I5: 0.118
A6: 5 | B6: Netherlands | C6: 7.488 | D6: 1.396 | E6: 1.522 | F6: 0.999 | G6: 0.557 | H6: 0.322 | I6: 0.298
A7: 6 | B7: Switzerland | C7: 7.48 | D7: 1.452 | E7: 1.526 | F7: 1.052 | G7: 0.572 | H7: 0.263 | I7: 0.343
A8: 7 | B8: Sweden | C8: 7.343 | D8: 1.387 | E8: 1.487 | F8: 1.009 | G8: 0.574 | H8: 0.267 | I8: 0.373
A9: 8 | B9: New Zealand | C9: 7.307 | D9: 1.303 | E9: 1.557 | F9: 1.026 | G9: 0.585 | H9: 0.33 | I9: 0.38
A10: 9 | B10: Canada | C10: 7.278 | D10: 1.365 | E10: 1.505 | F10: 1.039 | G10: 0.584 | H10: 0.285 | I10: 0.308
A11: 10 | B11: Austria | C11: 7.246 | D11: 1.376 | E11: 1.475 | F11: 1.016 | G11: 0.532 | H11: 0.244 | I11: 0.226
A12: 11 | B12: Australia | C12: 7.228 | D12: 1.372 | E12: 1.548 | F12: 1.036 | G12: 0.557 | H12: 0.332 | I12: 0.29
A13: 12 | B13: Costa Rica | C13: 7.167 | D13: 1.034 | E13: 1.441 | F13: 0.963 | G13: 0.558 | H13: 0.144 | I13: 0.093
... A157: 156 | B157: South Sudan | C157: 2.853 | D157: 0.306 | E157: 0.575 | F157: 0.295 | G157: 0.01 | H157: 0.202 | I157: 0.091

Sheet analise
A1: Quantidade de países | B1: =COUNTA(dados_brutos!B2:B157) -> 156 | D1: Mínimo | E1: =MIN(dados_brutos!C2:C157) -> 2.853 | F1: =MIN(dados_brutos!D2:D157) -> 0 | G1: =MIN(dados_brutos!E2:E157) -> 0 | H1: =MIN(dados_brutos!F2:F157) -> 0 | I1: =MIN(dados_brutos!G2:G157) -> 0 | J1: Felicidade x PIB: | K1: =CORREL(dados_brutos!C2:C157, dados_brutos!D2:D157) -> 0.79388287
A2: Quantidade de variáveis | B2: =COUNTA(dados_brutos!A1:I1) -> 9 | D2: Máximo | E2: =MAX(dados_brutos!C2:C157) -> 7.769 | F2: =MAX(dados_brutos!D2:D157) -> 1.684 | G2: =MAX(dados_brutos!E2:E157) -> 1.624 | H2: =MAX(dados_brutos!F2:F157) -> 1.141 | I2: =MAX(dados_brutos!G2:G157) -> 0.631 | J2: Felicidade x apoio social: | K2: =CORREL(dados_brutos!C2:C157, dados_brutos!E2:E157) -> 0.77705779
A3: Valores ausentes | B3: =COUNTBLANK(dados_brutos!A2:I157) -> 0 | D3: Zeros | E3: =COUNTIF(dados_brutos!C2:C157,0) -> 0 | F3: =COUNTIF(dados_brutos!D2:D157,0) -> 1 | G3: =COUNTIF(dados_brutos!E2:E157,0) -> 1 | H3: =COUNTIF(dados_brutos!F2:F157,0) -> 1 | I3: =COUNTIF(dados_brutos!G2:G157,0) -> 1 | J3: Felicidade x expectativa de vida: | K3: =CORREL(dados_brutos!C2:C157, dados_brutos!F2:F157) -> 0.77988315
A4: Países únicos | B4: {=COUNTA(UNIQUE(dados_brutos!B2:B157))} -> 156 | D4: Média | E4: =AVERAGE(dados_brutos!C2:C157) -> 5.4070962 | F4: =AVERAGE(dados_brutos!D2:D157) -> 0.90514744 | G4: =AVERAGE(dados_brutos!E2:E157) -> 1.2088141 | H4: =AVERAGE(dados_brutos!F2:F157) -> 0.72524359 | I4: =AVERAGE(dados_brutos!G2:G157) -> 0.39257051 | J4: Felicidade x liberdade | K4: =CORREL(dados_brutos!C2:C157, dados_brutos!G2:G157) -> 0.56674183
D5: Mediana | E5: =MEDIAN(dados_brutos!C2:C157) -> 5.3795 | F5: =MEDIAN(dados_brutos!D2:D157) -> 0.96 | G5: =MEDIAN(dados_brutos!E2:E157) -> 1.2715 | H5: =MEDIAN(dados_brutos!F2:F157) -> 0.789 | I5: =MEDIAN(dados_brutos!G2:G157) -> 0.417

Sheet top_bottom
A1: top10
A2: Overall rank | B2: Country or region | C2: Score | D2: GDP per capita | E2: Social support | F2: Healthy life expectancy | G2: Freedom to make life choices | H2: Generosity | I2: Perceptions of corruption
A3: 1 | B3: Finland | C3: 7.769 | D3: 1.34 | E3: 1.587 | F3: 0.986 | G3: 0.596 | H3: 0.153 | I3: 0.393
A4: 2 | B4: Denmark | C4: 7.6 | D4: 1.383 | E4: 1.573 | F4: 0.996 | G4: 0.592 | H4: 0.252 | I4: 0.41
A5: 3 | B5: Norway | C5: 7.554 | D5: 1.488 | E5: 1.582 | F5: 1.028 | G5: 0.603 | H5: 0.271 | I5: 0.341
A6: 4 | B6: Iceland | C6: 7.494 | D6: 1.38 | E6: 1.624 | F6: 1.026 | G6: 0.591 | H6: 0.354 | I6: 0.118
A7: 5 | B7: Netherlands | C7: 7.488 | D7: 1.396 | E7: 1.522 | F7: 0.999 | G7: 0.557 | H7: 0.322 | I7: 0.298
A8: 6 | B8: Switzerland | C8: 7.48 | D8: 1.452 | E8: 1.526 | F8: 1.052 | G8: 0.572 | H8: 0.263 | I8: 0.343
A9: 7 | B9: Sweden | C9: 7.343 | D9: 1.387 | E9: 1.487 | F9: 1.009 | G9: 0.574 | H9: 0.267 | I9: 0.373
A10: 8 | B10: New Zealand | C10: 7.307 | D10: 1.303 | E10: 1.557 | F10: 1.026 | G10: 0.585 | H10: 0.33 | I10: 0.38
A11: 9 | B11: Canada | C11: 7.278 | D11: 1.365 | E11: 1.505 | F11: 1.039 | G11: 0.584 | H11: 0.285 | I11: 0.308
A12: 10 | B12: Austria | C12: 7.246 | D12: 1.376 | E12: 1.475 | F12: 1.016 | G12: 0.532 | H12: 0.244 | I12: 0.226
A13: bottom10
A14: 147 | B14: Haiti | C14: 3.597 | D14: 0.323 | E14: 0.688 | F14: 0.449 | G14: 0.026 | H14: 0.419 | I14: 0.11
A15: 148 | B15: Botswana | C15: 3.488 | D15: 1.041 | E15: 1.145 | F15: 0.538 | G15: 0.455 | H15: 0.025 | I15: 0.1
A16: 149 | B16: Syria | C16: 3.462 | D16: 0.619 | E16: 0.378 | F16: 0.44 | G16: 0.013 | H16: 0.331 | I16: 0.141
A17: 150 | B17: Malawi | C17: 3.41 | D17: 0.191 | E17: 0.56 | F17: 0.495 | G17: 0.443 | H17: 0.218 | I17: 0.089
A18: 151 | B18: Yemen | C18: 3.38 | D18: 0.287 | E18: 1.163 | F18: 0.463 | G18: 0.143 | H18: 0.108 | I18: 0.077
A19: 152 | B19: Rwanda | C19: 3.334 | D19: 0.359 | E19: 0.711 | F19: 0.614 | G19: 0.555 | H19: 0.217 | I19: 0.411
A20: 153 | B20: Tanzania | C20: 3.231 | D20: 0.476 | E20: 0.885 | F20: 0.499 | G20: 0.417 | H20: 0.276 | I20: 0.147
A21: 154 | B21: Afghanistan | C21: 3.203 | D21: 0.35 | E21: 0.517 | F21: 0.361 | G21: 0 | H21: 0.158 | I21: 0.025
A22: 155 | B22: Central African Republic | C22: 3.083 | D22: 0.026 | E22: 0 | F22: 0.105 | G22: 0.225 | H22: 0.235 | I22: 0.035
A23: 156 | B23: South Sudan | C23: 2.853 | D23: 0.306 | E23: 0.575 | F23: 0.295 | G23: 0.01 | H23: 0.202 | I23: 0.091
